path,classification,next_action,rationale
"addison.html","enrich-then-index","add-social-metadata-and-local-proof","City hub has canonical H1 and structured data but incomplete social metadata and limited local proof"
"aledo.html","enrich-then-index","add-social-metadata-and-local-proof","City hub has canonical H1 and structured data but incomplete social metadata and limited local proof"
"allen-backsplash-installation.html","hold-template-family","enrich-by-family","One of 12 repeated service-city families; keep out until uniqueness local proof and OG image coverage are validated"
"allen-cabinet-installation.html","hold-template-family","enrich-by-family","One of 12 repeated service-city families; keep out until uniqueness local proof and OG image coverage are validated"
"allen-concrete-driveways.html","hold-template-family","enrich-by-family","One of 12 repeated service-city families; keep out until uniqueness local proof and OG image coverage are validated"
"allen-door-installation.html","hold-template-family","enrich-by-family","One of 12 repeated service-city families; keep out until uniqueness local proof and OG image coverage are validated"
"allen-foundation-repair.html","hold-template-family","enrich-by-family","One of 12 repeated service-city families; keep out until uniqueness local proof and OG image coverage are validated"
"allen-outdoor-living.html","hold-template-family","enrich-by-family","One of 12 repeated service-city families; keep out until uniqueness local proof and OG image coverage are validated"
"allen-patio-covers.html","hold-template-family","enrich-by-family","One of 12 repeated service-city families; keep out until uniqueness local proof and OG image coverage are validated"
"allen-pergolas.html","hold-template-family","enrich-by-family","One of 12 repeated service-city families; keep out until uniqueness local proof and OG image coverage are validated"
"allen-room-additions.html","hold-template-family","enrich-by-family","One of 12 repeated service-city families; keep out until uniqueness local proof and OG image coverage are validated"
"allen-shower-remodeling.html","hold-template-family","enrich-by-family","One of 12 repeated service-city families; keep out until uniqueness local proof and OG image coverage are validated"
"allen-whole-home-remodeling.html","hold-template-family","enrich-by-family","One of 12 repeated service-city families; keep out until uniqueness local proof and OG image coverage are validated"
"allen-window-replacement.html","hold-template-family","enrich-by-family","One of 12 repeated service-city families; keep out until uniqueness local proof and OG image coverage are validated"
"arlington-backsplash-installation.html","hold-template-family","enrich-by-family","One of 12 repeated service-city families; keep out until uniqueness local proof and OG image coverage are validated"
"arlington-cabinet-installation.html","hold-template-family","enrich-by-family","One of 12 repeated service-city families; keep out until uniqueness local proof and OG image coverage are validated"
"arlington-concrete-driveways.html","hold-template-family","enrich-by-family","One of 12 repeated service-city families; keep out until uniqueness local proof and OG image coverage are validated"
"arlington-door-installation.html","hold-template-family","enrich-by-family","One of 12 repeated service-city families; keep out until uniqueness local proof and OG image coverage are validated"
"arlington-foundation-repair.html","hold-template-family","enrich-by-family","One of 12 repeated service-city families; keep out until uniqueness local proof and OG image coverage are validated"
"arlington-outdoor-living.html","hold-template-family","enrich-by-family","One of 12 repeated service-city families; keep out until uniqueness local proof and OG image coverage are validated"
"arlington-patio-covers.html","hold-template-family","enrich-by-family","One of 12 repeated service-city families; keep out until uniqueness local proof and OG image coverage are validated"
"arlington-pergolas.html","hold-template-family","enrich-by-family","One of 12 repeated service-city families; keep out until uniqueness local proof and OG image coverage are validated"
"arlington-room-additions.html","hold-template-family","enrich-by-family","One of 12 repeated service-city families; keep out until uniqueness local proof and OG image coverage are validated"
"arlington-shower-remodeling.html","hold-template-family","enrich-by-family","One of 12 repeated service-city families; keep out until uniqueness local proof and OG image coverage are validated"
"arlington-whole-home-remodeling.html","hold-template-family","enrich-by-family","One of 12 repeated service-city families; keep out until uniqueness local proof and OG image coverage are validated"
"arlington-window-replacement.html","hold-template-family","enrich-by-family","One of 12 repeated service-city families; keep out until uniqueness local proof and OG image coverage are validated"
"bathroom-ventilation-bedford.html","hold-low-content","expand-before-indexing","Short local article of roughly 165 to 187 visible words with incomplete social metadata"
"bathroom-waterproofing-frisco.html","hold-low-content","expand-before-indexing","Short local article of roughly 165 to 187 visible words with incomplete social metadata"
"bedford-backsplash-installation.html","hold-template-family","enrich-by-family","One of 12 repeated service-city families; keep out until uniqueness local proof and OG image coverage are validated"
"bedford-cabinet-installation.html","hold-template-family","enrich-by-family","One of 12 repeated service-city families; keep out until uniqueness local proof and OG image coverage are validated"
"bedford-concrete-driveways.html","hold-template-family","enrich-by-family","One of 12 repeated service-city families; keep out until uniqueness local proof and OG image coverage are validated"
"bedford-door-installation.html","hold-template-family","enrich-by-family","One of 12 repeated service-city families; keep out until uniqueness local proof and OG image coverage are validated"
"bedford-foundation-repair.html","hold-template-family","enrich-by-family","One of 12 repeated service-city families; keep out until uniqueness local proof and OG image coverage are validated"
"bedford-outdoor-living.html","hold-template-family","enrich-by-family","One of 12 repeated service-city families; keep out until uniqueness local proof and OG image coverage are validated"
"bedford-patio-covers.html","hold-template-family","enrich-by-family","One of 12 repeated service-city families; keep out until uniqueness local proof and OG image coverage are validated"
"bedford-pergolas.html","hold-template-family","enrich-by-family","One of 12 repeated service-city families; keep out until uniqueness local proof and OG image coverage are validated"
"bedford-room-additions.html","hold-template-family","enrich-by-family","One of 12 repeated service-city families; keep out until uniqueness local proof and OG image coverage are validated"
"bedford-shower-remodeling.html","hold-template-family","enrich-by-family","One of 12 repeated service-city families; keep out until uniqueness local proof and OG image coverage are validated"
"bedford-whole-home-remodeling.html","hold-template-family","enrich-by-family","One of 12 repeated service-city families; keep out until uniqueness local proof and OG image coverage are validated"
"bedford-window-replacement.html","hold-template-family","enrich-by-family","One of 12 repeated service-city families; keep out until uniqueness local proof and OG image coverage are validated"
"benbrook.html","enrich-then-index","add-social-metadata-and-local-proof","City hub has canonical H1 and structured data but incomplete social metadata and limited local proof"
"best-flooring-for-pets-grand-prairie.html","enrich-then-index","add-og-image-and-validate","Substantive local guide candidate but social image coverage is incomplete"
"carrollton-backsplash-installation.html","hold-template-family","enrich-by-family","One of 12 repeated service-city families; keep out until uniqueness local proof and OG image coverage are validated"
"carrollton-cabinet-installation.html","hold-template-family","enrich-by-family","One of 12 repeated service-city families; keep out until uniqueness local proof and OG image coverage are validated"
"carrollton-concrete-driveways.html","hold-template-family","enrich-by-family","One of 12 repeated service-city families; keep out until uniqueness local proof and OG image coverage are validated"
"carrollton-door-installation.html","hold-template-family","enrich-by-family","One of 12 repeated service-city families; keep out until uniqueness local proof and OG image coverage are validated"
"carrollton-foundation-repair.html","hold-template-family","enrich-by-family","One of 12 repeated service-city families; keep out until uniqueness local proof and OG image coverage are validated"
"carrollton-outdoor-living.html","hold-template-family","enrich-by-family","One of 12 repeated service-city families; keep out until uniqueness local proof and OG image coverage are validated"
"carrollton-patio-covers.html","hold-template-family","enrich-by-family","One of 12 repeated service-city families; keep out until uniqueness local proof and OG image coverage are validated"
"carrollton-pergolas.html","hold-template-family","enrich-by-family","One of 12 repeated service-city families; keep out until uniqueness local proof and OG image coverage are validated"
"carrollton-room-additions.html","hold-template-family","enrich-by-family","One of 12 repeated service-city families; keep out until uniqueness local proof and OG image coverage are validated"
"carrollton-shower-remodeling.html","hold-template-family","enrich-by-family","One of 12 repeated service-city families; keep out until uniqueness local proof and OG image coverage are validated"
"carrollton-whole-home-remodeling.html","hold-template-family","enrich-by-family","One of 12 repeated service-city families; keep out until uniqueness local proof and OG image coverage are validated"
"carrollton-window-replacement.html","hold-template-family","enrich-by-family","One of 12 repeated service-city families; keep out until uniqueness local proof and OG image coverage are validated"
"cedar-hill-backsplash-installation.html","hold-template-family","enrich-by-family","One of 12 repeated service-city families; keep out until uniqueness local proof and OG image coverage are validated"
"cedar-hill-cabinet-installation.html","hold-template-family","enrich-by-family","One of 12 repeated service-city families; keep out until uniqueness local proof and OG image coverage are validated"
"cedar-hill-concrete-driveways.html","hold-template-family","enrich-by-family","One of 12 repeated service-city families; keep out until uniqueness local proof and OG image coverage are validated"
"cedar-hill-door-installation.html","hold-template-family","enrich-by-family","One of 12 repeated service-city families; keep out until uniqueness local proof and OG image coverage are validated"
"cedar-hill-foundation-repair.html","hold-template-family","enrich-by-family","One of 12 repeated service-city families; keep out until uniqueness local proof and OG image coverage are validated"
"cedar-hill-outdoor-living.html","hold-template-family","enrich-by-family","One of 12 repeated service-city families; keep out until uniqueness local proof and OG image coverage are validated"
"cedar-hill-patio-covers.html","hold-template-family","enrich-by-family","One of 12 repeated service-city families; keep out until uniqueness local proof and OG image coverage are validated"
"cedar-hill-pergolas.html","hold-template-family","enrich-by-family","One of 12 repeated service-city families; keep out until uniqueness local proof and OG image coverage are validated"
"cedar-hill-room-additions.html","hold-template-family","enrich-by-family","One of 12 repeated service-city families; keep out until uniqueness local proof and OG image coverage are validated"
"cedar-hill-shower-remodeling.html","hold-template-family","enrich-by-family","One of 12 repeated service-city families; keep out until uniqueness local proof and OG image coverage are validated"
"cedar-hill-whole-home-remodeling.html","hold-template-family","enrich-by-family","One of 12 repeated service-city families; keep out until uniqueness local proof and OG image coverage are validated"
"cedar-hill-window-replacement.html","hold-template-family","enrich-by-family","One of 12 repeated service-city families; keep out until uniqueness local proof and OG image coverage are validated"
"ceiling-drywall-repair-garland.html","hold-low-content","expand-before-indexing","Short local article of roughly 165 to 187 visible words with incomplete social metadata"
"colleyville-backsplash-installation.html","hold-template-family","enrich-by-family","One of 12 repeated service-city families; keep out until uniqueness local proof and OG image coverage are validated"
"colleyville-cabinet-installation.html","hold-template-family","enrich-by-family","One of 12 repeated service-city families; keep out until uniqueness local proof and OG image coverage are validated"
"colleyville-concrete-driveways.html","hold-template-family","enrich-by-family","One of 12 repeated service-city families; keep out until uniqueness local proof and OG image coverage are validated"
"colleyville-door-installation.html","hold-template-family","enrich-by-family","One of 12 repeated service-city families; keep out until uniqueness local proof and OG image coverage are validated"
"colleyville-foundation-repair.html","hold-template-family","enrich-by-family","One of 12 repeated service-city families; keep out until uniqueness local proof and OG image coverage are validated"
"colleyville-outdoor-living.html","hold-template-family","enrich-by-family","One of 12 repeated service-city families; keep out until uniqueness local proof and OG image coverage are validated"
"colleyville-patio-covers.html","hold-template-family","enrich-by-family","One of 12 repeated service-city families; keep out until uniqueness local proof and OG image coverage are validated"
"colleyville-pergolas.html","hold-template-family","enrich-by-family","One of 12 repeated service-city families; keep out until uniqueness local proof and OG image coverage are validated"
"colleyville-room-additions.html","hold-template-family","enrich-by-family","One of 12 repeated service-city families; keep out until uniqueness local proof and OG image coverage are validated"
"colleyville-shower-remodeling.html","hold-template-family","enrich-by-family","One of 12 repeated service-city families; keep out until uniqueness local proof and OG image coverage are validated"
"colleyville-whole-home-remodeling.html","hold-template-family","enrich-by-family","One of 12 repeated service-city families; keep out until uniqueness local proof and OG image coverage are validated"
"colleyville-window-replacement.html","hold-template-family","enrich-by-family","One of 12 repeated service-city families; keep out until uniqueness local proof and OG image coverage are validated"
"commercial-office-remodel-richardson.html","hold-low-content","expand-before-indexing","Short local article of roughly 165 to 187 visible words with incomplete social metadata"
"commercial-tenant-improvement-planning-irving.html","enrich-then-index","add-og-image-and-validate","Substantive local guide candidate but social image coverage is incomplete"
"contractor-estimate-comparison-carrollton.html","hold-low-content","expand-before-indexing","Short local article of roughly 165 to 187 visible words with incomplete social metadata"
"coppell-backsplash-installation.html","hold-template-family","enrich-by-family","One of 12 repeated service-city families; keep out until uniqueness local proof and OG image coverage are validated"
"coppell-cabinet-installation.html","hold-template-family","enrich-by-family","One of 12 repeated service-city families; keep out until uniqueness local proof and OG image coverage are validated"
"coppell-concrete-driveways.html","hold-template-family","enrich-by-family","One of 12 repeated service-city families; keep out until uniqueness local proof and OG image coverage are validated"
"coppell-door-installation.html","hold-template-family","enrich-by-family","One of 12 repeated service-city families; keep out until uniqueness local proof and OG image coverage are validated"
"coppell-foundation-repair.html","hold-template-family","enrich-by-family","One of 12 repeated service-city families; keep out until uniqueness local proof and OG image coverage are validated"
"coppell-outdoor-living.html","hold-template-family","enrich-by-family","One of 12 repeated service-city families; keep out until uniqueness local proof and OG image coverage are validated"
"coppell-patio-covers.html","hold-template-family","enrich-by-family","One of 12 repeated service-city families; keep out until uniqueness local proof and OG image coverage are validated"
"coppell-pergolas.html","hold-template-family","enrich-by-family","One of 12 repeated service-city families; keep out until uniqueness local proof and OG image coverage are validated"
"coppell-room-additions.html","hold-template-family","enrich-by-family","One of 12 repeated service-city families; keep out until uniqueness local proof and OG image coverage are validated"
"coppell-shower-remodeling.html","hold-template-family","enrich-by-family","One of 12 repeated service-city families; keep out until uniqueness local proof and OG image coverage are validated"
"coppell-whole-home-remodeling.html","hold-template-family","enrich-by-family","One of 12 repeated service-city families; keep out until uniqueness local proof and OG image coverage are validated"
"coppell-window-replacement.html","hold-template-family","enrich-by-family","One of 12 repeated service-city families; keep out until uniqueness local proof and OG image coverage are validated"
"dallas-backsplash-installation.html","hold-template-family","enrich-by-family","One of 12 repeated service-city families; keep out until uniqueness local proof and OG image coverage are validated"
"dallas-cabinet-installation.html","hold-template-family","enrich-by-family","One of 12 repeated service-city families; keep out until uniqueness local proof and OG image coverage are validated"
"dallas-concrete-driveways.html","hold-template-family","enrich-by-family","One of 12 repeated service-city families; keep out until uniqueness local proof and OG image coverage are validated"
"dallas-door-installation.html","hold-template-family","enrich-by-family","One of 12 repeated service-city families; keep out until uniqueness local proof and OG image coverage are validated"
"dallas-foundation-repair.html","hold-template-family","enrich-by-family","One of 12 repeated service-city families; keep out until uniqueness local proof and OG image coverage are validated"
"dallas-outdoor-living.html","hold-template-family","enrich-by-family","One of 12 repeated service-city families; keep out until uniqueness local proof and OG image coverage are validated"
"dallas-patio-covers.html","hold-template-family","enrich-by-family","One of 12 repeated service-city families; keep out until uniqueness local proof and OG image coverage are validated"
"dallas-pergolas.html","hold-template-family","enrich-by-family","One of 12 repeated service-city families; keep out until uniqueness local proof and OG image coverage are validated"
"dallas-room-additions.html","hold-template-family","enrich-by-family","One of 12 repeated service-city families; keep out until uniqueness local proof and OG image coverage are validated"
"dallas-shower-remodeling.html","hold-template-family","enrich-by-family","One of 12 repeated service-city families; keep out until uniqueness local proof and OG image coverage are validated"
"dallas-whole-home-remodeling.html","hold-template-family","enrich-by-family","One of 12 repeated service-city families; keep out until uniqueness local proof and OG image coverage are validated"
"dallas-window-replacement.html","hold-template-family","enrich-by-family","One of 12 repeated service-city families; keep out until uniqueness local proof and OG image coverage are validated"
"denton.html","enrich-then-index","add-social-metadata-and-local-proof","City hub has canonical H1 and structured data but incomplete social metadata and limited local proof"
"desoto-backsplash-installation.html","hold-template-family","enrich-by-family","One of 12 repeated service-city families; keep out until uniqueness local proof and OG image coverage are validated"
"desoto-cabinet-installation.html","hold-template-family","enrich-by-family","One of 12 repeated service-city families; keep out until uniqueness local proof and OG image coverage are validated"
"desoto-concrete-driveways.html","hold-template-family","enrich-by-family","One of 12 repeated service-city families; keep out until uniqueness local proof and OG image coverage are validated"
"desoto-door-installation.html","hold-template-family","enrich-by-family","One of 12 repeated service-city families; keep out until uniqueness local proof and OG image coverage are validated"
"desoto-foundation-repair.html","hold-template-family","enrich-by-family","One of 12 repeated service-city families; keep out until uniqueness local proof and OG image coverage are validated"
"desoto-outdoor-living.html","hold-template-family","enrich-by-family","One of 12 repeated service-city families; keep out until uniqueness local proof and OG image coverage are validated"
"desoto-patio-covers.html","hold-template-family","enrich-by-family","One of 12 repeated service-city families; keep out until uniqueness local proof and OG image coverage are validated"
"desoto-pergolas.html","hold-template-family","enrich-by-family","One of 12 repeated service-city families; keep out until uniqueness local proof and OG image coverage are validated"
"desoto-room-additions.html","hold-template-family","enrich-by-family","One of 12 repeated service-city families; keep out until uniqueness local proof and OG image coverage are validated"
"desoto-shower-remodeling.html","hold-template-family","enrich-by-family","One of 12 repeated service-city families; keep out until uniqueness local proof and OG image coverage are validated"
"desoto-whole-home-remodeling.html","hold-template-family","enrich-by-family","One of 12 repeated service-city families; keep out until uniqueness local proof and OG image coverage are validated"
"desoto-window-replacement.html","hold-template-family","enrich-by-family","One of 12 repeated service-city families; keep out until uniqueness local proof and OG image coverage are validated"
"drywall-texture-matching-desoto.html","enrich-then-index","add-og-image-and-validate","Substantive local guide candidate but social image coverage is incomplete"
"duncanville-backsplash-installation.html","hold-template-family","enrich-by-family","One of 12 repeated service-city families; keep out until uniqueness local proof and OG image coverage are validated"
"duncanville-cabinet-installation.html","hold-template-family","enrich-by-family","One of 12 repeated service-city families; keep out until uniqueness local proof and OG image coverage are validated"
"duncanville-concrete-driveways.html","hold-template-family","enrich-by-family","One of 12 repeated service-city families; keep out until uniqueness local proof and OG image coverage are validated"
"duncanville-door-installation.html","hold-template-family","enrich-by-family","One of 12 repeated service-city families; keep out until uniqueness local proof and OG image coverage are validated"
"duncanville-foundation-repair.html","hold-template-family","enrich-by-family","One of 12 repeated service-city families; keep out until uniqueness local proof and OG image coverage are validated"
"duncanville-outdoor-living.html","hold-template-family","enrich-by-family","One of 12 repeated service-city families; keep out until uniqueness local proof and OG image coverage are validated"
"duncanville-patio-covers.html","hold-template-family","enrich-by-family","One of 12 repeated service-city families; keep out until uniqueness local proof and OG image coverage are validated"
"duncanville-pergolas.html","hold-template-family","enrich-by-family","One of 12 repeated service-city families; keep out until uniqueness local proof and OG image coverage are validated"
"duncanville-room-additions.html","hold-template-family","enrich-by-family","One of 12 repeated service-city families; keep out until uniqueness local proof and OG image coverage are validated"
"duncanville-shower-remodeling.html","hold-template-family","enrich-by-family","One of 12 repeated service-city families; keep out until uniqueness local proof and OG image coverage are validated"
"duncanville-whole-home-remodeling.html","hold-template-family","enrich-by-family","One of 12 repeated service-city families; keep out until uniqueness local proof and OG image coverage are validated"
"duncanville-window-replacement.html","hold-template-family","enrich-by-family","One of 12 repeated service-city families; keep out until uniqueness local proof and OG image coverage are validated"
"euless-backsplash-installation.html","hold-template-family","enrich-by-family","One of 12 repeated service-city families; keep out until uniqueness local proof and OG image coverage are validated"
"euless-cabinet-installation.html","hold-template-family","enrich-by-family","One of 12 repeated service-city families; keep out until uniqueness local proof and OG image coverage are validated"
"euless-concrete-driveways.html","hold-template-family","enrich-by-family","One of 12 repeated service-city families; keep out until uniqueness local proof and OG image coverage are validated"
"euless-door-installation.html","hold-template-family","enrich-by-family","One of 12 repeated service-city families; keep out until uniqueness local proof and OG image coverage are validated"
"euless-foundation-repair.html","hold-template-family","enrich-by-family","One of 12 repeated service-city families; keep out until uniqueness local proof and OG image coverage are validated"
"euless-outdoor-living.html","hold-template-family","enrich-by-family","One of 12 repeated service-city families; keep out until uniqueness local proof and OG image coverage are validated"
"euless-patio-covers.html","hold-template-family","enrich-by-family","One of 12 repeated service-city families; keep out until uniqueness local proof and OG image coverage are validated"
"euless-pergolas.html","hold-template-family","enrich-by-family","One of 12 repeated service-city families; keep out until uniqueness local proof and OG image coverage are validated"
"euless-room-additions.html","hold-template-family","enrich-by-family","One of 12 repeated service-city families; keep out until uniqueness local proof and OG image coverage are validated"
"euless-shower-remodeling.html","hold-template-family","enrich-by-family","One of 12 repeated service-city families; keep out until uniqueness local proof and OG image coverage are validated"
"euless-whole-home-remodeling.html","hold-template-family","enrich-by-family","One of 12 repeated service-city families; keep out until uniqueness local proof and OG image coverage are validated"
"euless-window-replacement.html","hold-template-family","enrich-by-family","One of 12 repeated service-city families; keep out until uniqueness local proof and OG image coverage are validated"
"exterior-paint-preparation-cedar-hill.html","enrich-then-index","add-og-image-and-validate","Substantive local guide candidate but social image coverage is incomplete"
"exterior-paint-southlake.html","hold-low-content","expand-before-indexing","Short local article of roughly 165 to 187 visible words with incomplete social metadata"
"exterior-trim-carpentry-keller.html","hold-low-content","expand-before-indexing","Short local article of roughly 165 to 187 visible words with incomplete social metadata"
"farmers-branch-backsplash-installation.html","hold-template-family","enrich-by-family","One of 12 repeated service-city families; keep out until uniqueness local proof and OG image coverage are validated"
"farmers-branch-cabinet-installation.html","hold-template-family","enrich-by-family","One of 12 repeated service-city families; keep out until uniqueness local proof and OG image coverage are validated"
"farmers-branch-concrete-driveways.html","hold-template-family","enrich-by-family","One of 12 repeated service-city families; keep out until uniqueness local proof and OG image coverage are validated"
"farmers-branch-door-installation.html","hold-template-family","enrich-by-family","One of 12 repeated service-city families; keep out until uniqueness local proof and OG image coverage are validated"
"farmers-branch-foundation-repair.html","hold-template-family","enrich-by-family","One of 12 repeated service-city families; keep out until uniqueness local proof and OG image coverage are validated"
"farmers-branch-outdoor-living.html","hold-template-family","enrich-by-family","One of 12 repeated service-city families; keep out until uniqueness local proof and OG image coverage are validated"
"farmers-branch-patio-covers.html","hold-template-family","enrich-by-family","One of 12 repeated service-city families; keep out until uniqueness local proof and OG image coverage are validated"
"farmers-branch-pergolas.html","hold-template-family","enrich-by-family","One of 12 repeated service-city families; keep out until uniqueness local proof and OG image coverage are validated"
"farmers-branch-room-additions.html","hold-template-family","enrich-by-family","One of 12 repeated service-city families; keep out until uniqueness local proof and OG image coverage are validated"
"farmers-branch-shower-remodeling.html","hold-template-family","enrich-by-family","One of 12 repeated service-city families; keep out until uniqueness local proof and OG image coverage are validated"
"farmers-branch-whole-home-remodeling.html","hold-template-family","enrich-by-family","One of 12 repeated service-city families; keep out until uniqueness local proof and OG image coverage are validated"
"farmers-branch-window-replacement.html","hold-template-family","enrich-by-family","One of 12 repeated service-city families; keep out until uniqueness local proof and OG image coverage are validated"
"fence-post-replacement-mesquite.html","hold-low-content","expand-before-indexing","Short local article of roughly 165 to 187 visible words with incomplete social metadata"
"flooring-subfloor-preparation-allen.html","hold-low-content","expand-before-indexing","Short local article of roughly 165 to 187 visible words with incomplete social metadata"
"flower-mound.html","enrich-then-index","add-social-metadata-and-local-proof","City hub has canonical H1 and structured data but incomplete social metadata and limited local proof"
"fort-worth-backsplash-installation.html","hold-template-family","enrich-by-family","One of 12 repeated service-city families; keep out until uniqueness local proof and OG image coverage are validated"
"fort-worth-cabinet-installation.html","hold-template-family","enrich-by-family","One of 12 repeated service-city families; keep out until uniqueness local proof and OG image coverage are validated"
"fort-worth-concrete-driveways.html","hold-template-family","enrich-by-family","One of 12 repeated service-city families; keep out until uniqueness local proof and OG image coverage are validated"
"fort-worth-door-installation.html","hold-template-family","enrich-by-family","One of 12 repeated service-city families; keep out until uniqueness local proof and OG image coverage are validated"
"fort-worth-foundation-repair.html","hold-template-family","enrich-by-family","One of 12 repeated service-city families; keep out until uniqueness local proof and OG image coverage are validated"
"fort-worth-outdoor-living.html","hold-template-family","enrich-by-family","One of 12 repeated service-city families; keep out until uniqueness local proof and OG image coverage are validated"
"fort-worth-patio-covers.html","hold-template-family","enrich-by-family","One of 12 repeated service-city families; keep out until uniqueness local proof and OG image coverage are validated"
"fort-worth-pergolas.html","hold-template-family","enrich-by-family","One of 12 repeated service-city families; keep out until uniqueness local proof and OG image coverage are validated"
"fort-worth-room-additions.html","hold-template-family","enrich-by-family","One of 12 repeated service-city families; keep out until uniqueness local proof and OG image coverage are validated"
"fort-worth-shower-remodeling.html","hold-template-family","enrich-by-family","One of 12 repeated service-city families; keep out until uniqueness local proof and OG image coverage are validated"
"fort-worth-whole-home-remodeling.html","hold-template-family","enrich-by-family","One of 12 repeated service-city families; keep out until uniqueness local proof and OG image coverage are validated"
"fort-worth-window-replacement.html","hold-template-family","enrich-by-family","One of 12 repeated service-city families; keep out until uniqueness local proof and OG image coverage are validated"
"frisco-backsplash-installation.html","hold-template-family","enrich-by-family","One of 12 repeated service-city families; keep out until uniqueness local proof and OG image coverage are validated"
"frisco-cabinet-installation.html","hold-template-family","enrich-by-family","One of 12 repeated service-city families; keep out until uniqueness local proof and OG image coverage are validated"
"frisco-concrete-driveways.html","hold-template-family","enrich-by-family","One of 12 repeated service-city families; keep out until uniqueness local proof and OG image coverage are validated"
"frisco-door-installation.html","hold-template-family","enrich-by-family","One of 12 repeated service-city families; keep out until uniqueness local proof and OG image coverage are validated"
"frisco-foundation-repair.html","hold-template-family","enrich-by-family","One of 12 repeated service-city families; keep out until uniqueness local proof and OG image coverage are validated"
"frisco-outdoor-living.html","hold-template-family","enrich-by-family","One of 12 repeated service-city families; keep out until uniqueness local proof and OG image coverage are validated"
"frisco-patio-covers.html","hold-template-family","enrich-by-family","One of 12 repeated service-city families; keep out until uniqueness local proof and OG image coverage are validated"
"frisco-pergolas.html","hold-template-family","enrich-by-family","One of 12 repeated service-city families; keep out until uniqueness local proof and OG image coverage are validated"
"frisco-room-additions.html","hold-template-family","enrich-by-family","One of 12 repeated service-city families; keep out until uniqueness local proof and OG image coverage are validated"
"frisco-shower-remodeling.html","hold-template-family","enrich-by-family","One of 12 repeated service-city families; keep out until uniqueness local proof and OG image coverage are validated"
"frisco-whole-home-remodeling.html","hold-template-family","enrich-by-family","One of 12 repeated service-city families; keep out until uniqueness local proof and OG image coverage are validated"
"frisco-window-replacement.html","hold-template-family","enrich-by-family","One of 12 repeated service-city families; keep out until uniqueness local proof and OG image coverage are validated"
"garland-backsplash-installation.html","hold-template-family","enrich-by-family","One of 12 repeated service-city families; keep out until uniqueness local proof and OG image coverage are validated"
"garland-cabinet-installation.html","hold-template-family","enrich-by-family","One of 12 repeated service-city families; keep out until uniqueness local proof and OG image coverage are validated"
"garland-concrete-driveways.html","hold-template-family","enrich-by-family","One of 12 repeated service-city families; keep out until uniqueness local proof and OG image coverage are validated"
"garland-door-installation.html","hold-template-family","enrich-by-family","One of 12 repeated service-city families; keep out until uniqueness local proof and OG image coverage are validated"
"garland-foundation-repair.html","hold-template-family","enrich-by-family","One of 12 repeated service-city families; keep out until uniqueness local proof and OG image coverage are validated"
"garland-outdoor-living.html","hold-template-family","enrich-by-family","One of 12 repeated service-city families; keep out until uniqueness local proof and OG image coverage are validated"
"garland-patio-covers.html","hold-template-family","enrich-by-family","One of 12 repeated service-city families; keep out until uniqueness local proof and OG image coverage are validated"
"garland-pergolas.html","hold-template-family","enrich-by-family","One of 12 repeated service-city families; keep out until uniqueness local proof and OG image coverage are validated"
"garland-room-additions.html","hold-template-family","enrich-by-family","One of 12 repeated service-city families; keep out until uniqueness local proof and OG image coverage are validated"
"garland-shower-remodeling.html","hold-template-family","enrich-by-family","One of 12 repeated service-city families; keep out until uniqueness local proof and OG image coverage are validated"
"garland-whole-home-remodeling.html","hold-template-family","enrich-by-family","One of 12 repeated service-city families; keep out until uniqueness local proof and OG image coverage are validated"
"garland-window-replacement.html","hold-template-family","enrich-by-family","One of 12 repeated service-city families; keep out until uniqueness local proof and OG image coverage are validated"
"glenn-heights-backsplash-installation.html","hold-template-family","enrich-by-family","One of 12 repeated service-city families; keep out until uniqueness local proof and OG image coverage are validated"
"glenn-heights-cabinet-installation.html","hold-template-family","enrich-by-family","One of 12 repeated service-city families; keep out until uniqueness local proof and OG image coverage are validated"
"glenn-heights-concrete-driveways.html","hold-template-family","enrich-by-family","One of 12 repeated service-city families; keep out until uniqueness local proof and OG image coverage are validated"
"glenn-heights-door-installation.html","hold-template-family","enrich-by-family","One of 12 repeated service-city families; keep out until uniqueness local proof and OG image coverage are validated"
"glenn-heights-foundation-repair.html","hold-template-family","enrich-by-family","One of 12 repeated service-city families; keep out until uniqueness local proof and OG image coverage are validated"
"glenn-heights-outdoor-living.html","hold-template-family","enrich-by-family","One of 12 repeated service-city families; keep out until uniqueness local proof and OG image coverage are validated"
"glenn-heights-patio-covers.html","hold-template-family","enrich-by-family","One of 12 repeated service-city families; keep out until uniqueness local proof and OG image coverage are validated"
"glenn-heights-pergolas.html","hold-template-family","enrich-by-family","One of 12 repeated service-city families; keep out until uniqueness local proof and OG image coverage are validated"
"glenn-heights-room-additions.html","hold-template-family","enrich-by-family","One of 12 repeated service-city families; keep out until uniqueness local proof and OG image coverage are validated"
"glenn-heights-shower-remodeling.html","hold-template-family","enrich-by-family","One of 12 repeated service-city families; keep out until uniqueness local proof and OG image coverage are validated"
"glenn-heights-whole-home-remodeling.html","hold-template-family","enrich-by-family","One of 12 repeated service-city families; keep out until uniqueness local proof and OG image coverage are validated"
"glenn-heights-window-replacement.html","hold-template-family","enrich-by-family","One of 12 repeated service-city families; keep out until uniqueness local proof and OG image coverage are validated"
"grand-prairie-backsplash-installation.html","hold-template-family","enrich-by-family","One of 12 repeated service-city families; keep out until uniqueness local proof and OG image coverage are validated"
"grand-prairie-cabinet-installation.html","hold-template-family","enrich-by-family","One of 12 repeated service-city families; keep out until uniqueness local proof and OG image coverage are validated"
"grand-prairie-concrete-driveways.html","hold-template-family","enrich-by-family","One of 12 repeated service-city families; keep out until uniqueness local proof and OG image coverage are validated"
"grand-prairie-door-installation.html","hold-template-family","enrich-by-family","One of 12 repeated service-city families; keep out until uniqueness local proof and OG image coverage are validated"
"grand-prairie-foundation-repair.html","hold-template-family","enrich-by-family","One of 12 repeated service-city families; keep out until uniqueness local proof and OG image coverage are validated"
"grand-prairie-outdoor-living.html","hold-template-family","enrich-by-family","One of 12 repeated service-city families; keep out until uniqueness local proof and OG image coverage are validated"
"grand-prairie-patio-covers.html","hold-template-family","enrich-by-family","One of 12 repeated service-city families; keep out until uniqueness local proof and OG image coverage are validated"
"grand-prairie-pergolas.html","hold-template-family","enrich-by-family","One of 12 repeated service-city families; keep out until uniqueness local proof and OG image coverage are validated"
"grand-prairie-room-additions.html","hold-template-family","enrich-by-family","One of 12 repeated service-city families; keep out until uniqueness local proof and OG image coverage are validated"
"grand-prairie-shower-remodeling.html","hold-template-family","enrich-by-family","One of 12 repeated service-city families; keep out until uniqueness local proof and OG image coverage are validated"
"grand-prairie-whole-home-remodeling.html","hold-template-family","enrich-by-family","One of 12 repeated service-city families; keep out until uniqueness local proof and OG image coverage are validated"
"grand-prairie-window-replacement.html","hold-template-family","enrich-by-family","One of 12 repeated service-city families; keep out until uniqueness local proof and OG image coverage are validated"
"grapevine-backsplash-installation.html","hold-template-family","enrich-by-family","One of 12 repeated service-city families; keep out until uniqueness local proof and OG image coverage are validated"
"grapevine-cabinet-installation.html","hold-template-family","enrich-by-family","One of 12 repeated service-city families; keep out until uniqueness local proof and OG image coverage are validated"
"grapevine-concrete-driveways.html","hold-template-family","enrich-by-family","One of 12 repeated service-city families; keep out until uniqueness local proof and OG image coverage are validated"
"grapevine-door-installation.html","hold-template-family","enrich-by-family","One of 12 repeated service-city families; keep out until uniqueness local proof and OG image coverage are validated"
"grapevine-foundation-repair.html","hold-template-family","enrich-by-family","One of 12 repeated service-city families; keep out until uniqueness local proof and OG image coverage are validated"
"grapevine-outdoor-living.html","hold-template-family","enrich-by-family","One of 12 repeated service-city families; keep out until uniqueness local proof and OG image coverage are validated"
"grapevine-patio-covers.html","hold-template-family","enrich-by-family","One of 12 repeated service-city families; keep out until uniqueness local proof and OG image coverage are validated"
"grapevine-pergolas.html","hold-template-family","enrich-by-family","One of 12 repeated service-city families; keep out until uniqueness local proof and OG image coverage are validated"
"grapevine-room-additions.html","hold-template-family","enrich-by-family","One of 12 repeated service-city families; keep out until uniqueness local proof and OG image coverage are validated"
"grapevine-shower-remodeling.html","hold-template-family","enrich-by-family","One of 12 repeated service-city families; keep out until uniqueness local proof and OG image coverage are validated"
"grapevine-whole-home-remodeling.html","hold-template-family","enrich-by-family","One of 12 repeated service-city families; keep out until uniqueness local proof and OG image coverage are validated"
"grapevine-window-replacement.html","hold-template-family","enrich-by-family","One of 12 repeated service-city families; keep out until uniqueness local proof and OG image coverage are validated"
"highland-village.html","enrich-then-index","add-social-metadata-and-local-proof","City hub has canonical H1 and structured data but incomplete social metadata and limited local proof"
"home-v2-preview.html","exclude-preview","keep-noindex","Preview page already canonicalizes to the homepage and declares noindex nofollow"
"hurst-backsplash-installation.html","hold-template-family","enrich-by-family","One of 12 repeated service-city families; keep out until uniqueness local proof and OG image coverage are validated"
"hurst-cabinet-installation.html","hold-template-family","enrich-by-family","One of 12 repeated service-city families; keep out until uniqueness local proof and OG image coverage are validated"
"hurst-concrete-driveways.html","hold-template-family","enrich-by-family","One of 12 repeated service-city families; keep out until uniqueness local proof and OG image coverage are validated"
"hurst-door-installation.html","hold-template-family","enrich-by-family","One of 12 repeated service-city families; keep out until uniqueness local proof and OG image coverage are validated"
"hurst-foundation-repair.html","hold-template-family","enrich-by-family","One of 12 repeated service-city families; keep out until uniqueness local proof and OG image coverage are validated"
"hurst-outdoor-living.html","hold-template-family","enrich-by-family","One of 12 repeated service-city families; keep out until uniqueness local proof and OG image coverage are validated"
"hurst-patio-covers.html","hold-template-family","enrich-by-family","One of 12 repeated service-city families; keep out until uniqueness local proof and OG image coverage are validated"
"hurst-pergolas.html","hold-template-family","enrich-by-family","One of 12 repeated service-city families; keep out until uniqueness local proof and OG image coverage are validated"
"hurst-room-additions.html","hold-template-family","enrich-by-family","One of 12 repeated service-city families; keep out until uniqueness local proof and OG image coverage are validated"
"hurst-shower-remodeling.html","hold-template-family","enrich-by-family","One of 12 repeated service-city families; keep out until uniqueness local proof and OG image coverage are validated"
"hurst-whole-home-remodeling.html","hold-template-family","enrich-by-family","One of 12 repeated service-city families; keep out until uniqueness local proof and OG image coverage are validated"
"hurst-window-replacement.html","hold-template-family","enrich-by-family","One of 12 repeated service-city families; keep out until uniqueness local proof and OG image coverage are validated"
"insurance-scope-review-rockwall.html","hold-low-content","expand-before-indexing","Short local article of roughly 165 to 187 visible words with incomplete social metadata"
"irving-backsplash-installation.html","hold-template-family","enrich-by-family","One of 12 repeated service-city families; keep out until uniqueness local proof and OG image coverage are validated"
"irving-cabinet-installation.html","hold-template-family","enrich-by-family","One of 12 repeated service-city families; keep out until uniqueness local proof and OG image coverage are validated"
"irving-concrete-driveways.html","hold-template-family","enrich-by-family","One of 12 repeated service-city families; keep out until uniqueness local proof and OG image coverage are validated"
"irving-door-installation.html","hold-template-family","enrich-by-family","One of 12 repeated service-city families; keep out until uniqueness local proof and OG image coverage are validated"
"irving-foundation-repair.html","hold-template-family","enrich-by-family","One of 12 repeated service-city families; keep out until uniqueness local proof and OG image coverage are validated"
"irving-outdoor-living.html","hold-template-family","enrich-by-family","One of 12 repeated service-city families; keep out until uniqueness local proof and OG image coverage are validated"
"irving-patio-covers.html","hold-template-family","enrich-by-family","One of 12 repeated service-city families; keep out until uniqueness local proof and OG image coverage are validated"
"irving-pergolas.html","hold-template-family","enrich-by-family","One of 12 repeated service-city families; keep out until uniqueness local proof and OG image coverage are validated"
"irving-room-additions.html","hold-template-family","enrich-by-family","One of 12 repeated service-city families; keep out until uniqueness local proof and OG image coverage are validated"
"irving-shower-remodeling.html","hold-template-family","enrich-by-family","One of 12 repeated service-city families; keep out until uniqueness local proof and OG image coverage are validated"
"irving-whole-home-remodeling.html","hold-template-family","enrich-by-family","One of 12 repeated service-city families; keep out until uniqueness local proof and OG image coverage are validated"
"irving-window-replacement.html","hold-template-family","enrich-by-family","One of 12 repeated service-city families; keep out until uniqueness local proof and OG image coverage are validated"
"keller-backsplash-installation.html","hold-template-family","enrich-by-family","One of 12 repeated service-city families; keep out until uniqueness local proof and OG image coverage are validated"
"keller-cabinet-installation.html","hold-template-family","enrich-by-family","One of 12 repeated service-city families; keep out until uniqueness local proof and OG image coverage are validated"
"keller-concrete-driveways.html","hold-template-family","enrich-by-family","One of 12 repeated service-city families; keep out until uniqueness local proof and OG image coverage are validated"
"keller-door-installation.html","hold-template-family","enrich-by-family","One of 12 repeated service-city families; keep out until uniqueness local proof and OG image coverage are validated"
"keller-foundation-repair.html","hold-template-family","enrich-by-family","One of 12 repeated service-city families; keep out until uniqueness local proof and OG image coverage are validated"
"keller-outdoor-living.html","hold-template-family","enrich-by-family","One of 12 repeated service-city families; keep out until uniqueness local proof and OG image coverage are validated"
"keller-patio-covers.html","hold-template-family","enrich-by-family","One of 12 repeated service-city families; keep out until uniqueness local proof and OG image coverage are validated"
"keller-pergolas.html","hold-template-family","enrich-by-family","One of 12 repeated service-city families; keep out until uniqueness local proof and OG image coverage are validated"
"keller-room-additions.html","hold-template-family","enrich-by-family","One of 12 repeated service-city families; keep out until uniqueness local proof and OG image coverage are validated"
"keller-shower-remodeling.html","hold-template-family","enrich-by-family","One of 12 repeated service-city families; keep out until uniqueness local proof and OG image coverage are validated"
"keller-whole-home-remodeling.html","hold-template-family","enrich-by-family","One of 12 repeated service-city families; keep out until uniqueness local proof and OG image coverage are validated"
"keller-window-replacement.html","hold-template-family","enrich-by-family","One of 12 repeated service-city families; keep out until uniqueness local proof and OG image coverage are validated"
"kitchen-island-layout-mckinney.html","hold-low-content","expand-before-indexing","Short local article of roughly 165 to 187 visible words with incomplete social metadata"
"kitchen-remodel-planning-mansfield.html","enrich-then-index","add-og-image-and-validate","Substantive local guide candidate but social image coverage is incomplete"
"lancaster-backsplash-installation.html","hold-template-family","enrich-by-family","One of 12 repeated service-city families; keep out until uniqueness local proof and OG image coverage are validated"
"lancaster-cabinet-installation.html","hold-template-family","enrich-by-family","One of 12 repeated service-city families; keep out until uniqueness local proof and OG image coverage are validated"
"lancaster-concrete-driveways.html","hold-template-family","enrich-by-family","One of 12 repeated service-city families; keep out until uniqueness local proof and OG image coverage are validated"
"lancaster-door-installation.html","hold-template-family","enrich-by-family","One of 12 repeated service-city families; keep out until uniqueness local proof and OG image coverage are validated"
"lancaster-foundation-repair.html","hold-template-family","enrich-by-family","One of 12 repeated service-city families; keep out until uniqueness local proof and OG image coverage are validated"
"lancaster-outdoor-living.html","hold-template-family","enrich-by-family","One of 12 repeated service-city families; keep out until uniqueness local proof and OG image coverage are validated"
"lancaster-patio-covers.html","hold-template-family","enrich-by-family","One of 12 repeated service-city families; keep out until uniqueness local proof and OG image coverage are validated"
"lancaster-pergolas.html","hold-template-family","enrich-by-family","One of 12 repeated service-city families; keep out until uniqueness local proof and OG image coverage are validated"
"lancaster-room-additions.html","hold-template-family","enrich-by-family","One of 12 repeated service-city families; keep out until uniqueness local proof and OG image coverage are validated"
"lancaster-shower-remodeling.html","hold-template-family","enrich-by-family","One of 12 repeated service-city families; keep out until uniqueness local proof and OG image coverage are validated"
"lancaster-whole-home-remodeling.html","hold-template-family","enrich-by-family","One of 12 repeated service-city families; keep out until uniqueness local proof and OG image coverage are validated"
"lancaster-window-replacement.html","hold-template-family","enrich-by-family","One of 12 repeated service-city families; keep out until uniqueness local proof and OG image coverage are validated"
"lewisville-backsplash-installation.html","hold-template-family","enrich-by-family","One of 12 repeated service-city families; keep out until uniqueness local proof and OG image coverage are validated"
"lewisville-cabinet-installation.html","hold-template-family","enrich-by-family","One of 12 repeated service-city families; keep out until uniqueness local proof and OG image coverage are validated"
"lewisville-concrete-driveways.html","hold-template-family","enrich-by-family","One of 12 repeated service-city families; keep out until uniqueness local proof and OG image coverage are validated"
"lewisville-door-installation.html","hold-template-family","enrich-by-family","One of 12 repeated service-city families; keep out until uniqueness local proof and OG image coverage are validated"
"lewisville-foundation-repair.html","hold-template-family","enrich-by-family","One of 12 repeated service-city families; keep out until uniqueness local proof and OG image coverage are validated"
"lewisville-outdoor-living.html","hold-template-family","enrich-by-family","One of 12 repeated service-city families; keep out until uniqueness local proof and OG image coverage are validated"
"lewisville-patio-covers.html","hold-template-family","enrich-by-family","One of 12 repeated service-city families; keep out until uniqueness local proof and OG image coverage are validated"
"lewisville-pergolas.html","hold-template-family","enrich-by-family","One of 12 repeated service-city families; keep out until uniqueness local proof and OG image coverage are validated"
"lewisville-room-additions.html","hold-template-family","enrich-by-family","One of 12 repeated service-city families; keep out until uniqueness local proof and OG image coverage are validated"
"lewisville-shower-remodeling.html","hold-template-family","enrich-by-family","One of 12 repeated service-city families; keep out until uniqueness local proof and OG image coverage are validated"
"lewisville-whole-home-remodeling.html","hold-template-family","enrich-by-family","One of 12 repeated service-city families; keep out until uniqueness local proof and OG image coverage are validated"
"lewisville-window-replacement.html","hold-template-family","enrich-by-family","One of 12 repeated service-city families; keep out until uniqueness local proof and OG image coverage are validated"
"mansfield-backsplash-installation.html","hold-template-family","enrich-by-family","One of 12 repeated service-city families; keep out until uniqueness local proof and OG image coverage are validated"
"mansfield-cabinet-installation.html","hold-template-family","enrich-by-family","One of 12 repeated service-city families; keep out until uniqueness local proof and OG image coverage are validated"
"mansfield-concrete-driveways.html","hold-template-family","enrich-by-family","One of 12 repeated service-city families; keep out until uniqueness local proof and OG image coverage are validated"
"mansfield-door-installation.html","hold-template-family","enrich-by-family","One of 12 repeated service-city families; keep out until uniqueness local proof and OG image coverage are validated"
"mansfield-foundation-repair.html","hold-template-family","enrich-by-family","One of 12 repeated service-city families; keep out until uniqueness local proof and OG image coverage are validated"
"mansfield-outdoor-living.html","hold-template-family","enrich-by-family","One of 12 repeated service-city families; keep out until uniqueness local proof and OG image coverage are validated"
"mansfield-patio-covers.html","hold-template-family","enrich-by-family","One of 12 repeated service-city families; keep out until uniqueness local proof and OG image coverage are validated"
"mansfield-pergolas.html","hold-template-family","enrich-by-family","One of 12 repeated service-city families; keep out until uniqueness local proof and OG image coverage are validated"
"mansfield-room-additions.html","hold-template-family","enrich-by-family","One of 12 repeated service-city families; keep out until uniqueness local proof and OG image coverage are validated"
"mansfield-shower-remodeling.html","hold-template-family","enrich-by-family","One of 12 repeated service-city families; keep out until uniqueness local proof and OG image coverage are validated"
"mansfield-whole-home-remodeling.html","hold-template-family","enrich-by-family","One of 12 repeated service-city families; keep out until uniqueness local proof and OG image coverage are validated"
"mansfield-window-replacement.html","hold-template-family","enrich-by-family","One of 12 repeated service-city families; keep out until uniqueness local proof and OG image coverage are validated"
"mckinney-backsplash-installation.html","hold-template-family","enrich-by-family","One of 12 repeated service-city families; keep out until uniqueness local proof and OG image coverage are validated"
"mckinney-cabinet-installation.html","hold-template-family","enrich-by-family","One of 12 repeated service-city families; keep out until uniqueness local proof and OG image coverage are validated"
"mckinney-concrete-driveways.html","hold-template-family","enrich-by-family","One of 12 repeated service-city families; keep out until uniqueness local proof and OG image coverage are validated"
"mckinney-door-installation.html","hold-template-family","enrich-by-family","One of 12 repeated service-city families; keep out until uniqueness local proof and OG image coverage are validated"
"mckinney-foundation-repair.html","hold-template-family","enrich-by-family","One of 12 repeated service-city families; keep out until uniqueness local proof and OG image coverage are validated"
"mckinney-outdoor-living.html","hold-template-family","enrich-by-family","One of 12 repeated service-city families; keep out until uniqueness local proof and OG image coverage are validated"
"mckinney-patio-covers.html","hold-template-family","enrich-by-family","One of 12 repeated service-city families; keep out until uniqueness local proof and OG image coverage are validated"
"mckinney-pergolas.html","hold-template-family","enrich-by-family","One of 12 repeated service-city families; keep out until uniqueness local proof and OG image coverage are validated"
"mckinney-room-additions.html","hold-template-family","enrich-by-family","One of 12 repeated service-city families; keep out until uniqueness local proof and OG image coverage are validated"
"mckinney-shower-remodeling.html","hold-template-family","enrich-by-family","One of 12 repeated service-city families; keep out until uniqueness local proof and OG image coverage are validated"
"mckinney-whole-home-remodeling.html","hold-template-family","enrich-by-family","One of 12 repeated service-city families; keep out until uniqueness local proof and OG image coverage are validated"
"mckinney-window-replacement.html","hold-template-family","enrich-by-family","One of 12 repeated service-city families; keep out until uniqueness local proof and OG image coverage are validated"
"mesquite-backsplash-installation.html","hold-template-family","enrich-by-family","One of 12 repeated service-city families; keep out until uniqueness local proof and OG image coverage are validated"
"mesquite-cabinet-installation.html","hold-template-family","enrich-by-family","One of 12 repeated service-city families; keep out until uniqueness local proof and OG image coverage are validated"
"mesquite-concrete-driveways.html","hold-template-family","enrich-by-family","One of 12 repeated service-city families; keep out until uniqueness local proof and OG image coverage are validated"
"mesquite-door-installation.html","hold-template-family","enrich-by-family","One of 12 repeated service-city families; keep out until uniqueness local proof and OG image coverage are validated"
"mesquite-foundation-repair.html","hold-template-family","enrich-by-family","One of 12 repeated service-city families; keep out until uniqueness local proof and OG image coverage are validated"
"mesquite-outdoor-living.html","hold-template-family","enrich-by-family","One of 12 repeated service-city families; keep out until uniqueness local proof and OG image coverage are validated"
"mesquite-patio-covers.html","hold-template-family","enrich-by-family","One of 12 repeated service-city families; keep out until uniqueness local proof and OG image coverage are validated"
"mesquite-pergolas.html","hold-template-family","enrich-by-family","One of 12 repeated service-city families; keep out until uniqueness local proof and OG image coverage are validated"
"mesquite-room-additions.html","hold-template-family","enrich-by-family","One of 12 repeated service-city families; keep out until uniqueness local proof and OG image coverage are validated"
"mesquite-shower-remodeling.html","hold-template-family","enrich-by-family","One of 12 repeated service-city families; keep out until uniqueness local proof and OG image coverage are validated"
"mesquite-whole-home-remodeling.html","hold-template-family","enrich-by-family","One of 12 repeated service-city families; keep out until uniqueness local proof and OG image coverage are validated"
"mesquite-window-replacement.html","hold-template-family","enrich-by-family","One of 12 repeated service-city families; keep out until uniqueness local proof and OG image coverage are validated"
"midlothian-backsplash-installation.html","hold-template-family","enrich-by-family","One of 12 repeated service-city families; keep out until uniqueness local proof and OG image coverage are validated"
"midlothian-cabinet-installation.html","hold-template-family","enrich-by-family","One of 12 repeated service-city families; keep out until uniqueness local proof and OG image coverage are validated"
"midlothian-concrete-driveways.html","hold-template-family","enrich-by-family","One of 12 repeated service-city families; keep out until uniqueness local proof and OG image coverage are validated"
"midlothian-door-installation.html","hold-template-family","enrich-by-family","One of 12 repeated service-city families; keep out until uniqueness local proof and OG image coverage are validated"
"midlothian-foundation-repair.html","hold-template-family","enrich-by-family","One of 12 repeated service-city families; keep out until uniqueness local proof and OG image coverage are validated"
"midlothian-outdoor-living.html","hold-template-family","enrich-by-family","One of 12 repeated service-city families; keep out until uniqueness local proof and OG image coverage are validated"
"midlothian-patio-covers.html","hold-template-family","enrich-by-family","One of 12 repeated service-city families; keep out until uniqueness local proof and OG image coverage are validated"
"midlothian-pergolas.html","hold-template-family","enrich-by-family","One of 12 repeated service-city families; keep out until uniqueness local proof and OG image coverage are validated"
"midlothian-room-additions.html","hold-template-family","enrich-by-family","One of 12 repeated service-city families; keep out until uniqueness local proof and OG image coverage are validated"
"midlothian-shower-remodeling.html","hold-template-family","enrich-by-family","One of 12 repeated service-city families; keep out until uniqueness local proof and OG image coverage are validated"
"midlothian-whole-home-remodeling.html","hold-template-family","enrich-by-family","One of 12 repeated service-city families; keep out until uniqueness local proof and OG image coverage are validated"
"midlothian-window-replacement.html","hold-template-family","enrich-by-family","One of 12 repeated service-city families; keep out until uniqueness local proof and OG image coverage are validated"
"north-richland-hills-backsplash-installation.html","hold-template-family","enrich-by-family","One of 12 repeated service-city families; keep out until uniqueness local proof and OG image coverage are validated"
"north-richland-hills-cabinet-installation.html","hold-template-family","enrich-by-family","One of 12 repeated service-city families; keep out until uniqueness local proof and OG image coverage are validated"
"north-richland-hills-concrete-driveways.html","hold-template-family","enrich-by-family","One of 12 repeated service-city families; keep out until uniqueness local proof and OG image coverage are validated"
"north-richland-hills-door-installation.html","hold-template-family","enrich-by-family","One of 12 repeated service-city families; keep out until uniqueness local proof and OG image coverage are validated"
"north-richland-hills-foundation-repair.html","hold-template-family","enrich-by-family","One of 12 repeated service-city families; keep out until uniqueness local proof and OG image coverage are validated"
"north-richland-hills-outdoor-living.html","hold-template-family","enrich-by-family","One of 12 repeated service-city families; keep out until uniqueness local proof and OG image coverage are validated"
"north-richland-hills-patio-covers.html","hold-template-family","enrich-by-family","One of 12 repeated service-city families; keep out until uniqueness local proof and OG image coverage are validated"
"north-richland-hills-pergolas.html","hold-template-family","enrich-by-family","One of 12 repeated service-city families; keep out until uniqueness local proof and OG image coverage are validated"
"north-richland-hills-room-additions.html","hold-template-family","enrich-by-family","One of 12 repeated service-city families; keep out until uniqueness local proof and OG image coverage are validated"
"north-richland-hills-shower-remodeling.html","hold-template-family","enrich-by-family","One of 12 repeated service-city families; keep out until uniqueness local proof and OG image coverage are validated"
"north-richland-hills-whole-home-remodeling.html","hold-template-family","enrich-by-family","One of 12 repeated service-city families; keep out until uniqueness local proof and OG image coverage are validated"
"north-richland-hills-window-replacement.html","hold-template-family","enrich-by-family","One of 12 repeated service-city families; keep out until uniqueness local proof and OG image coverage are validated"
"ovilla-backsplash-installation.html","hold-template-family","enrich-by-family","One of 12 repeated service-city families; keep out until uniqueness local proof and OG image coverage are validated"
"ovilla-cabinet-installation.html","hold-template-family","enrich-by-family","One of 12 repeated service-city families; keep out until uniqueness local proof and OG image coverage are validated"
"ovilla-concrete-driveways.html","hold-template-family","enrich-by-family","One of 12 repeated service-city families; keep out until uniqueness local proof and OG image coverage are validated"
"ovilla-door-installation.html","hold-template-family","enrich-by-family","One of 12 repeated service-city families; keep out until uniqueness local proof and OG image coverage are validated"
"ovilla-foundation-repair.html","hold-template-family","enrich-by-family","One of 12 repeated service-city families; keep out until uniqueness local proof and OG image coverage are validated"
"ovilla-outdoor-living.html","hold-template-family","enrich-by-family","One of 12 repeated service-city families; keep out until uniqueness local proof and OG image coverage are validated"
"ovilla-patio-covers.html","hold-template-family","enrich-by-family","One of 12 repeated service-city families; keep out until uniqueness local proof and OG image coverage are validated"
"ovilla-pergolas.html","hold-template-family","enrich-by-family","One of 12 repeated service-city families; keep out until uniqueness local proof and OG image coverage are validated"
"ovilla-room-additions.html","hold-template-family","enrich-by-family","One of 12 repeated service-city families; keep out until uniqueness local proof and OG image coverage are validated"
"ovilla-shower-remodeling.html","hold-template-family","enrich-by-family","One of 12 repeated service-city families; keep out until uniqueness local proof and OG image coverage are validated"
"ovilla-whole-home-remodeling.html","hold-template-family","enrich-by-family","One of 12 repeated service-city families; keep out until uniqueness local proof and OG image coverage are validated"
"ovilla-window-replacement.html","hold-template-family","enrich-by-family","One of 12 repeated service-city families; keep out until uniqueness local proof and OG image coverage are validated"
"plano-backsplash-installation.html","hold-template-family","enrich-by-family","One of 12 repeated service-city families; keep out until uniqueness local proof and OG image coverage are validated"
"plano-cabinet-installation.html","hold-template-family","enrich-by-family","One of 12 repeated service-city families; keep out until uniqueness local proof and OG image coverage are validated"
"plano-concrete-driveways.html","hold-template-family","enrich-by-family","One of 12 repeated service-city families; keep out until uniqueness local proof and OG image coverage are validated"
"plano-door-installation.html","hold-template-family","enrich-by-family","One of 12 repeated service-city families; keep out until uniqueness local proof and OG image coverage are validated"
"plano-foundation-repair.html","hold-template-family","enrich-by-family","One of 12 repeated service-city families; keep out until uniqueness local proof and OG image coverage are validated"
"plano-outdoor-living.html","hold-template-family","enrich-by-family","One of 12 repeated service-city families; keep out until uniqueness local proof and OG image coverage are validated"
"plano-patio-covers.html","hold-template-family","enrich-by-family","One of 12 repeated service-city families; keep out until uniqueness local proof and OG image coverage are validated"
"plano-pergolas.html","hold-template-family","enrich-by-family","One of 12 repeated service-city families; keep out until uniqueness local proof and OG image coverage are validated"
"plano-room-additions.html","hold-template-family","enrich-by-family","One of 12 repeated service-city families; keep out until uniqueness local proof and OG image coverage are validated"
"plano-shower-remodeling.html","hold-template-family","enrich-by-family","One of 12 repeated service-city families; keep out until uniqueness local proof and OG image coverage are validated"
"plano-whole-home-remodeling.html","hold-template-family","enrich-by-family","One of 12 repeated service-city families; keep out until uniqueness local proof and OG image coverage are validated"
"plano-window-replacement.html","hold-template-family","enrich-by-family","One of 12 repeated service-city families; keep out until uniqueness local proof and OG image coverage are validated"
"red-oak-backsplash-installation.html","hold-template-family","enrich-by-family","One of 12 repeated service-city families; keep out until uniqueness local proof and OG image coverage are validated"
"red-oak-cabinet-installation.html","hold-template-family","enrich-by-family","One of 12 repeated service-city families; keep out until uniqueness local proof and OG image coverage are validated"
"red-oak-concrete-driveways.html","hold-template-family","enrich-by-family","One of 12 repeated service-city families; keep out until uniqueness local proof and OG image coverage are validated"
"red-oak-door-installation.html","hold-template-family","enrich-by-family","One of 12 repeated service-city families; keep out until uniqueness local proof and OG image coverage are validated"
"red-oak-foundation-repair.html","hold-template-family","enrich-by-family","One of 12 repeated service-city families; keep out until uniqueness local proof and OG image coverage are validated"
"red-oak-outdoor-living.html","hold-template-family","enrich-by-family","One of 12 repeated service-city families; keep out until uniqueness local proof and OG image coverage are validated"
"red-oak-patio-covers.html","hold-template-family","enrich-by-family","One of 12 repeated service-city families; keep out until uniqueness local proof and OG image coverage are validated"
"red-oak-pergolas.html","hold-template-family","enrich-by-family","One of 12 repeated service-city families; keep out until uniqueness local proof and OG image coverage are validated"
"red-oak-room-additions.html","hold-template-family","enrich-by-family","One of 12 repeated service-city families; keep out until uniqueness local proof and OG image coverage are validated"
"red-oak-shower-remodeling.html","hold-template-family","enrich-by-family","One of 12 repeated service-city families; keep out until uniqueness local proof and OG image coverage are validated"
"red-oak-whole-home-remodeling.html","hold-template-family","enrich-by-family","One of 12 repeated service-city families; keep out until uniqueness local proof and OG image coverage are validated"
"red-oak-window-replacement.html","hold-template-family","enrich-by-family","One of 12 repeated service-city families; keep out until uniqueness local proof and OG image coverage are validated"
"reviews.html","enrich-then-index","add-social-metadata","Useful 589-word trust page but missing Open Graph and Twitter coverage"
"richardson-backsplash-installation.html","hold-template-family","enrich-by-family","One of 12 repeated service-city families; keep out until uniqueness local proof and OG image coverage are validated"
"richardson-cabinet-installation.html","hold-template-family","enrich-by-family","One of 12 repeated service-city families; keep out until uniqueness local proof and OG image coverage are validated"
"richardson-concrete-driveways.html","hold-template-family","enrich-by-family","One of 12 repeated service-city families; keep out until uniqueness local proof and OG image coverage are validated"
"richardson-door-installation.html","hold-template-family","enrich-by-family","One of 12 repeated service-city families; keep out until uniqueness local proof and OG image coverage are validated"
"richardson-foundation-repair.html","hold-template-family","enrich-by-family","One of 12 repeated service-city families; keep out until uniqueness local proof and OG image coverage are validated"
"richardson-outdoor-living.html","hold-template-family","enrich-by-family","One of 12 repeated service-city families; keep out until uniqueness local proof and OG image coverage are validated"
"richardson-patio-covers.html","hold-template-family","enrich-by-family","One of 12 repeated service-city families; keep out until uniqueness local proof and OG image coverage are validated"
"richardson-pergolas.html","hold-template-family","enrich-by-family","One of 12 repeated service-city families; keep out until uniqueness local proof and OG image coverage are validated"
"richardson-room-additions.html","hold-template-family","enrich-by-family","One of 12 repeated service-city families; keep out until uniqueness local proof and OG image coverage are validated"
"richardson-shower-remodeling.html","hold-template-family","enrich-by-family","One of 12 repeated service-city families; keep out until uniqueness local proof and OG image coverage are validated"
"richardson-whole-home-remodeling.html","hold-template-family","enrich-by-family","One of 12 repeated service-city families; keep out until uniqueness local proof and OG image coverage are validated"
"richardson-window-replacement.html","hold-template-family","enrich-by-family","One of 12 repeated service-city families; keep out until uniqueness local proof and OG image coverage are validated"
"rockwall-backsplash-installation.html","hold-template-family","enrich-by-family","One of 12 repeated service-city families; keep out until uniqueness local proof and OG image coverage are validated"
"rockwall-cabinet-installation.html","hold-template-family","enrich-by-family","One of 12 repeated service-city families; keep out until uniqueness local proof and OG image coverage are validated"
"rockwall-concrete-driveways.html","hold-template-family","enrich-by-family","One of 12 repeated service-city families; keep out until uniqueness local proof and OG image coverage are validated"
"rockwall-door-installation.html","hold-template-family","enrich-by-family","One of 12 repeated service-city families; keep out until uniqueness local proof and OG image coverage are validated"
"rockwall-foundation-repair.html","hold-template-family","enrich-by-family","One of 12 repeated service-city families; keep out until uniqueness local proof and OG image coverage are validated"
"rockwall-outdoor-living.html","hold-template-family","enrich-by-family","One of 12 repeated service-city families; keep out until uniqueness local proof and OG image coverage are validated"
"rockwall-patio-covers.html","hold-template-family","enrich-by-family","One of 12 repeated service-city families; keep out until uniqueness local proof and OG image coverage are validated"
"rockwall-pergolas.html","hold-template-family","enrich-by-family","One of 12 repeated service-city families; keep out until uniqueness local proof and OG image coverage are validated"
"rockwall-room-additions.html","hold-template-family","enrich-by-family","One of 12 repeated service-city families; keep out until uniqueness local proof and OG image coverage are validated"
"rockwall-shower-remodeling.html","hold-template-family","enrich-by-family","One of 12 repeated service-city families; keep out until uniqueness local proof and OG image coverage are validated"
"rockwall-whole-home-remodeling.html","hold-template-family","enrich-by-family","One of 12 repeated service-city families; keep out until uniqueness local proof and OG image coverage are validated"
"rockwall-window-replacement.html","hold-template-family","enrich-by-family","One of 12 repeated service-city families; keep out until uniqueness local proof and OG image coverage are validated"
"roof-flashing-grapevine.html","hold-low-content","expand-before-indexing","Short local article of roughly 165 to 187 visible words with incomplete social metadata"
"roof-repair-vs-replacement-arlington.html","enrich-then-index","add-og-image-and-validate","Substantive local guide candidate but social image coverage is incomplete"
"roof-ventilation-plano.html","hold-low-content","expand-before-indexing","Short local article of roughly 165 to 187 visible words with incomplete social metadata"
"rowlett-backsplash-installation.html","hold-template-family","enrich-by-family","One of 12 repeated service-city families; keep out until uniqueness local proof and OG image coverage are validated"
"rowlett-cabinet-installation.html","hold-template-family","enrich-by-family","One of 12 repeated service-city families; keep out until uniqueness local proof and OG image coverage are validated"
"rowlett-concrete-driveways.html","hold-template-family","enrich-by-family","One of 12 repeated service-city families; keep out until uniqueness local proof and OG image coverage are validated"
"rowlett-door-installation.html","hold-template-family","enrich-by-family","One of 12 repeated service-city families; keep out until uniqueness local proof and OG image coverage are validated"
"rowlett-foundation-repair.html","hold-template-family","enrich-by-family","One of 12 repeated service-city families; keep out until uniqueness local proof and OG image coverage are validated"
"rowlett-outdoor-living.html","hold-template-family","enrich-by-family","One of 12 repeated service-city families; keep out until uniqueness local proof and OG image coverage are validated"
"rowlett-patio-covers.html","hold-template-family","enrich-by-family","One of 12 repeated service-city families; keep out until uniqueness local proof and OG image coverage are validated"
"rowlett-pergolas.html","hold-template-family","enrich-by-family","One of 12 repeated service-city families; keep out until uniqueness local proof and OG image coverage are validated"
"rowlett-room-additions.html","hold-template-family","enrich-by-family","One of 12 repeated service-city families; keep out until uniqueness local proof and OG image coverage are validated"
"rowlett-shower-remodeling.html","hold-template-family","enrich-by-family","One of 12 repeated service-city families; keep out until uniqueness local proof and OG image coverage are validated"
"rowlett-whole-home-remodeling.html","hold-template-family","enrich-by-family","One of 12 repeated service-city families; keep out until uniqueness local proof and OG image coverage are validated"
"rowlett-window-replacement.html","hold-template-family","enrich-by-family","One of 12 repeated service-city families; keep out until uniqueness local proof and OG image coverage are validated"
"siding-repair-rowlett.html","hold-low-content","expand-before-indexing","Short local article of roughly 165 to 187 visible words with incomplete social metadata"
"southlake-backsplash-installation.html","hold-template-family","enrich-by-family","One of 12 repeated service-city families; keep out until uniqueness local proof and OG image coverage are validated"
"southlake-cabinet-installation.html","hold-template-family","enrich-by-family","One of 12 repeated service-city families; keep out until uniqueness local proof and OG image coverage are validated"
"southlake-concrete-driveways.html","hold-template-family","enrich-by-family","One of 12 repeated service-city families; keep out until uniqueness local proof and OG image coverage are validated"
"southlake-door-installation.html","hold-template-family","enrich-by-family","One of 12 repeated service-city families; keep out until uniqueness local proof and OG image coverage are validated"
"southlake-foundation-repair.html","hold-template-family","enrich-by-family","One of 12 repeated service-city families; keep out until uniqueness local proof and OG image coverage are validated"
"southlake-outdoor-living.html","hold-template-family","enrich-by-family","One of 12 repeated service-city families; keep out until uniqueness local proof and OG image coverage are validated"
"southlake-patio-covers.html","hold-template-family","enrich-by-family","One of 12 repeated service-city families; keep out until uniqueness local proof and OG image coverage are validated"
"southlake-pergolas.html","hold-template-family","enrich-by-family","One of 12 repeated service-city families; keep out until uniqueness local proof and OG image coverage are validated"
"southlake-room-additions.html","hold-template-family","enrich-by-family","One of 12 repeated service-city families; keep out until uniqueness local proof and OG image coverage are validated"
"southlake-shower-remodeling.html","hold-template-family","enrich-by-family","One of 12 repeated service-city families; keep out until uniqueness local proof and OG image coverage are validated"
"southlake-whole-home-remodeling.html","hold-template-family","enrich-by-family","One of 12 repeated service-city families; keep out until uniqueness local proof and OG image coverage are validated"
"southlake-window-replacement.html","hold-template-family","enrich-by-family","One of 12 repeated service-city families; keep out until uniqueness local proof and OG image coverage are validated"
"storm-damage-documentation-fort-worth.html","enrich-then-index","add-og-image-and-validate","Substantive local guide candidate but social image coverage is incomplete"
"walk-in-shower-cost-midlothian.html","enrich-then-index","add-og-image-and-validate","Substantive local guide candidate but social image coverage is incomplete"
"water-damage-cabinet-repair-lewisville.html","hold-low-content","expand-before-indexing","Short local article of roughly 165 to 187 visible words with incomplete social metadata"
"water-damage-rebuild-process-dallas.html","enrich-then-index","add-og-image-and-validate","Substantive local guide candidate but social image coverage is incomplete"
"waxahachie-backsplash-installation.html","hold-template-family","enrich-by-family","One of 12 repeated service-city families; keep out until uniqueness local proof and OG image coverage are validated"
"waxahachie-cabinet-installation.html","hold-template-family","enrich-by-family","One of 12 repeated service-city families; keep out until uniqueness local proof and OG image coverage are validated"
"waxahachie-concrete-driveways.html","hold-template-family","enrich-by-family","One of 12 repeated service-city families; keep out until uniqueness local proof and OG image coverage are validated"
"waxahachie-door-installation.html","hold-template-family","enrich-by-family","One of 12 repeated service-city families; keep out until uniqueness local proof and OG image coverage are validated"
"waxahachie-foundation-repair.html","hold-template-family","enrich-by-family","One of 12 repeated service-city families; keep out until uniqueness local proof and OG image coverage are validated"
"waxahachie-outdoor-living.html","hold-template-family","enrich-by-family","One of 12 repeated service-city families; keep out until uniqueness local proof and OG image coverage are validated"
"waxahachie-patio-covers.html","hold-template-family","enrich-by-family","One of 12 repeated service-city families; keep out until uniqueness local proof and OG image coverage are validated"
"waxahachie-pergolas.html","hold-template-family","enrich-by-family","One of 12 repeated service-city families; keep out until uniqueness local proof and OG image coverage are validated"
"waxahachie-room-additions.html","hold-template-family","enrich-by-family","One of 12 repeated service-city families; keep out until uniqueness local proof and OG image coverage are validated"
"waxahachie-shower-remodeling.html","hold-template-family","enrich-by-family","One of 12 repeated service-city families; keep out until uniqueness local proof and OG image coverage are validated"
"waxahachie-whole-home-remodeling.html","hold-template-family","enrich-by-family","One of 12 repeated service-city families; keep out until uniqueness local proof and OG image coverage are validated"
"waxahachie-window-replacement.html","hold-template-family","enrich-by-family","One of 12 repeated service-city families; keep out until uniqueness local proof and OG image coverage are validated"
"weatherford.html","ready-for-sitemap","add-next","Strong city hub with 780 visible words OG image Twitter card canonical and structured data"
"wood-fence-repair-vs-replacement-waxahachie.html","enrich-then-index","add-og-image-and-validate","Substantive local guide candidate but social image coverage is incomplete"
